City_ID,City,Country,Lat,Lng,Max Temp,Humidity,Cloudiness,Wind Speed,Weather description
0,Punta Arenas,CL,-53.15,-70.9167,41.11,65,20,17.27,few clouds
1,Hermanus,ZA,-34.4187,19.2345,60.53,86,37,8.28,scattered clouds
2,Kapaa,US,22.0752,-159.319,77.11,85,56,1.99,broken clouds
3,Dwarka,IN,22.2394,68.9678,82.92,83,48,23.2,scattered clouds
4,Minas,UY,-34.3759,-55.2377,64.15,53,37,5.44,scattered clouds
5,Tiksi,RU,71.6872,128.8694,30.51,88,100,5.93,overcast clouds
6,Cherskiy,RU,68.75,161.3,48.31,57,80,9.66,broken clouds
7,Tondano,ID,1.3038,124.9112,68.09,88,81,2.17,broken clouds
8,Ponta Do Sol,PT,32.6667,-17.1,73.0,76,20,1.28,few clouds
9,Dingle,PH,10.9995,122.6711,77.43,89,97,4.27,overcast clouds
10,Yellowknife,CA,62.456,-114.3525,34.32,93,100,9.22,light snow
11,Saldanha,ZA,-33.0117,17.9442,59.05,85,83,6.6,broken clouds
12,Vaini,TO,-21.2,-175.2,73.56,94,20,4.61,few clouds
13,Qaanaaq,GL,77.484,-69.3632,24.84,75,100,2.35,overcast clouds
14,Lancaster,US,40.2504,-76.2499,90.79,59,64,4.0,broken clouds
15,Grand Gaube,MU,-20.0064,57.6608,75.6,78,1,1.99,light rain
16,Khatanga,RU,71.9667,102.5,32.07,93,100,7.02,overcast clouds
17,Clyde River,CA,70.4692,-68.5914,19.63,93,100,35.68,heavy snow
18,Port Elizabeth,ZA,-33.918,25.5701,58.1,88,0,3.44,clear sky
19,Antsohihy,MG,-14.8796,47.9875,77.0,61,84,7.61,broken clouds
20,Puchezh,RU,56.9788,43.1676,38.7,64,99,11.5,overcast clouds
21,Bethel,US,41.3712,-73.414,91.35,62,53,4.0,broken clouds
22,Avera,US,33.194,-82.5271,86.56,42,66,12.39,broken clouds
23,Arrecife,ES,28.963,-13.5477,73.38,64,20,24.16,few clouds
24,Mount Isa,AU,-20.7333,139.5,62.37,77,79,5.75,broken clouds
25,Karratha,AU,-20.7377,116.8463,78.31,75,100,5.26,overcast clouds
26,Coahuayana,MX,18.7333,-103.6833,89.73,47,49,7.72,scattered clouds
27,Novokruchininskiy,RU,51.7833,113.7667,55.13,60,2,11.68,clear sky
28,Ixtapa,MX,20.7,-105.2,94.84,29,14,6.73,few clouds
29,Hobart,AU,-42.8794,147.3294,50.25,84,100,11.5,overcast clouds
30,Hilo,US,19.7297,-155.09,80.28,77,65,4.0,broken clouds
31,Georgetown,MY,5.4112,100.3354,82.33,93,20,2.3,few clouds
32,Aransas Pass,US,27.9095,-97.15,77.0,90,0,20.71,clear sky
33,Cidreira,BR,-30.1811,-50.2056,63.45,63,100,4.45,overcast clouds
34,Laguna,US,38.421,-121.4238,82.29,35,0,4.0,clear sky
35,Mahebourg,MU,-20.4081,57.7,75.49,73,40,12.66,scattered clouds
36,Tuktoyaktuk,CA,69.4541,-133.0374,21.2,79,100,8.05,overcast clouds
37,Ushuaia,AR,-54.8,-68.3,38.86,87,0,4.61,clear sky
38,Kota Tinggi,MY,1.7381,103.8999,80.64,90,64,1.63,broken clouds
39,Barao De Melgaco,BR,-16.1944,-55.9675,91.99,21,16,1.12,few clouds
40,Hovd,MN,48.0056,91.6419,64.53,20,100,2.1,overcast clouds
41,Kulhudhuffushi,MV,6.6221,73.07,83.43,78,37,14.34,scattered clouds
42,Mataura,NZ,-46.1927,168.8643,44.26,92,100,7.23,overcast clouds
43,Sydney,AU,-33.8679,151.2073,56.71,84,75,10.36,thunderstorm with light rain
44,Teknaf,BD,20.8624,92.3058,82.11,86,69,6.55,broken clouds
45,Bluff,NZ,-46.6,168.3333,49.86,72,93,22.62,overcast clouds
46,Aklavik,CA,68.2191,-135.0107,26.6,80,100,5.75,light snow
47,Sakakah,SA,29.9697,40.2064,94.57,23,82,21.09,broken clouds
48,Puerto Ayora,EC,-0.7393,-90.3518,76.96,77,49,10.65,scattered clouds
49,Constitucion,CL,-35.3333,-72.4167,55.0,79,100,8.05,light rain
50,Port Lincoln,AU,-34.7333,135.8667,61.68,78,94,10.58,overcast clouds
51,Poopo,BO,-18.3667,-66.9667,50.14,14,12,14.9,few clouds
52,Ostrovnoy,RU,68.0531,39.5131,31.39,77,7,11.52,clear sky
53,Huzhou,CN,30.8703,120.0933,66.13,80,100,5.28,light rain
54,New Norfolk,AU,-42.7826,147.0587,49.91,82,99,2.48,overcast clouds
55,Port Alfred,ZA,-33.5906,26.891,56.17,91,38,2.42,scattered clouds
56,Upernavik,GL,72.7868,-56.1549,33.67,97,100,1.7,overcast clouds
57,Ulaangom,MN,49.9811,92.0667,65.07,28,90,6.11,overcast clouds
58,Chuy,UY,-33.6971,-53.4616,64.35,52,0,4.43,clear sky
59,Srednekolymsk,RU,67.45,153.6833,48.74,55,100,8.16,overcast clouds
60,Jamestown,US,42.097,-79.2353,58.64,94,100,17.27,overcast clouds
61,Torbay,CA,47.6666,-52.7314,64.27,38,100,12.66,overcast clouds
62,Nikko,JP,36.75,139.6167,51.39,98,86,2.42,overcast clouds
63,Staryy Nadym,RU,65.6118,72.6842,49.01,72,99,23.64,overcast clouds
64,Rikitea,PF,-23.1203,-134.9692,75.92,76,3,13.38,light rain
65,Tezu,IN,27.9167,96.1667,70.57,90,4,4.68,clear sky
66,Bathsheba,BB,13.2167,-59.5167,86.61,66,20,20.71,few clouds
67,Bredasdorp,ZA,-34.5322,20.0403,56.91,88,56,6.02,broken clouds
68,Barrow,US,71.2906,-156.7887,23.02,86,100,9.22,light snow
69,Faanui,PF,-16.4833,-151.75,80.51,72,9,15.39,clear sky
70,Joao Pinheiro,BR,-17.7425,-46.1725,77.13,34,42,6.11,scattered clouds
71,Hithadhoo,MV,-0.6,73.0833,83.89,71,84,12.53,broken clouds
72,Isugod,PH,9.3408,118.1196,79.18,85,98,2.55,overcast clouds
73,Chernyshevskiy,RU,63.0128,112.4714,49.32,72,63,2.82,broken clouds
74,Namibe,AO,-15.1961,12.1522,70.02,71,0,4.43,clear sky
75,Dikson,RU,73.5069,80.5464,25.21,92,100,10.31,overcast clouds
76,Port Macquarie,AU,-31.4333,152.9167,55.89,85,100,3.89,light rain
77,Paraiso,CR,9.8383,-83.8656,75.11,83,68,1.97,broken clouds
78,Longyearbyen,SJ,78.2186,15.6401,37.24,81,75,1.14,broken clouds
79,Saint-Philippe,RE,-21.3585,55.7679,71.19,78,48,11.48,scattered clouds
80,Isangel,VU,-19.55,169.2667,75.16,86,24,7.02,few clouds
81,Nabire,ID,-3.3667,135.4833,75.2,92,92,3.51,overcast clouds
82,Moen,NO,69.1304,18.6123,56.12,62,75,5.75,broken clouds
83,Lagoa,PT,39.05,-27.9833,62.11,93,100,5.59,overcast clouds
84,Churapcha,RU,62.0025,132.4325,36.93,84,8,5.66,clear sky
85,Murgab,TM,37.4966,61.9714,66.07,55,0,0.0,clear sky
86,Oak Harbor,US,48.2932,-122.6432,64.27,83,9,4.0,clear sky
87,Orangeburg,US,33.4918,-80.8557,83.91,74,40,10.36,scattered clouds
88,Saskylakh,RU,71.9167,114.0833,33.93,99,100,4.38,overcast clouds
89,Thompson,CA,55.7435,-97.8558,60.96,31,40,4.61,scattered clouds
90,Belaya Gora,RU,68.5333,146.4167,42.84,87,93,2.57,overcast clouds
91,Nizhniy Ufaley,RU,55.9153,59.9842,32.0,97,54,5.26,broken clouds
92,Hailar,CN,49.2,119.7,57.69,44,35,15.48,scattered clouds
93,Cabo San Lucas,MX,22.8909,-109.9124,84.61,63,2,9.84,clear sky
94,Nauta,PE,-4.5061,-73.5757,89.53,50,31,2.28,light rain
95,Atuona,PF,-9.8,-139.0333,77.38,82,24,17.11,light rain
96,Busselton,AU,-33.65,115.3333,61.07,70,86,24.92,light rain
97,Hasaki,JP,35.7333,140.8333,61.2,80,98,6.2,light rain
98,Stromness,GB,58.965,-3.296,53.87,90,100,10.56,overcast clouds
99,Upington,ZA,-28.4478,21.2561,61.03,51,19,1.57,few clouds
100,Cape Town,ZA,-33.9258,18.4232,65.37,78,0,8.05,clear sky
101,Airai,TL,-8.9266,125.4092,58.32,92,36,3.27,scattered clouds
102,Shihezi,CN,44.3,86.0333,77.38,32,99,19.42,overcast clouds
103,Buxar,IN,25.5833,83.9833,83.98,48,29,11.05,scattered clouds
104,Ahuimanu,US,21.4447,-157.8378,77.86,75,75,6.91,broken clouds
105,Boa Vista,BR,2.8197,-60.6733,75.18,88,100,5.75,moderate rain
106,The Valley,AI,18.217,-63.0578,85.1,71,12,14.54,few clouds
107,Dhidhdhoo,MV,6.8833,73.1,83.66,78,65,15.77,broken clouds
108,Mitha Tiwana,PK,32.2486,72.1108,98.89,10,65,15.73,broken clouds
109,Klaksvik,FO,62.2266,-6.589,49.12,86,70,2.91,broken clouds
110,Clarence Town,AU,-32.5833,151.7833,58.86,96,100,1.86,overcast clouds
111,Mirnyy,RU,62.5353,113.9611,46.87,85,70,0.96,light rain
112,Manokwari,ID,-0.8667,134.0833,78.51,75,99,5.17,overcast clouds
113,Lasa,IT,46.6166,10.7002,71.69,73,97,3.24,overcast clouds
114,Bandar-E Lengeh,IR,26.5579,54.8807,87.28,56,0,7.25,clear sky
115,Atasu,KZ,48.6814,71.6433,47.16,47,44,3.29,scattered clouds
116,Sokoto,NG,13.0609,5.239,87.37,43,86,10.63,light rain
117,Kieta,PG,-6.2167,155.6333,77.97,81,41,2.42,scattered clouds
118,Albany,US,42.6001,-73.9662,90.91,50,33,10.04,scattered clouds
119,Ortigueira,BR,-24.2083,-50.9494,67.8,39,0,4.12,clear sky
120,Talcahuano,CL,-36.7167,-73.1167,53.76,97,100,20.62,light rain
121,Wonthaggi,AU,-38.6044,145.5913,47.53,90,6,7.34,clear sky
122,Vagay,RU,57.9375,69.0217,41.94,84,94,8.23,overcast clouds
123,Katsuura,JP,35.1333,140.3,62.74,88,98,8.63,overcast clouds
124,Astana,KZ,51.1801,71.446,46.35,71,75,8.95,broken clouds
125,Bozdar,PK,27.1828,68.636,98.33,17,4,8.14,clear sky
126,Gat,IL,31.61,34.7642,70.48,32,0,5.37,clear sky
127,Carnarvon,AU,-24.8667,113.6333,71.49,61,94,16.8,overcast clouds
128,Chokurdakh,RU,70.6333,147.9167,32.27,99,100,4.05,overcast clouds
129,Ribeira Grande,PT,38.5167,-28.7,66.6,94,75,2.3,light intensity drizzle
130,Murakami,JP,38.2333,139.4833,56.75,95,87,2.57,moderate rain
131,Aswan,EG,24.0934,32.907,84.34,14,3,15.08,clear sky
132,Mar Del Plata,AR,-38.0023,-57.5575,61.95,57,0,11.5,clear sky
133,Sami,GM,13.5833,-15.2,99.73,16,62,8.1,broken clouds
134,Sabang,ID,5.8933,95.3214,83.77,77,99,22.26,overcast clouds
135,La Libertad,EC,-2.2333,-80.9,75.83,79,77,11.16,broken clouds
136,Buala,SB,-8.145,159.5921,79.75,81,16,5.44,light rain
137,Arraial Do Cabo,BR,-22.9661,-42.0278,71.65,69,0,14.54,clear sky
138,Lebu,CL,-37.6167,-73.65,53.2,92,100,10.96,overcast clouds
139,Uppsala,SE,60.0,17.75,56.64,35,0,12.66,clear sky
140,Yerbogachen,RU,61.2767,108.0108,45.7,94,84,1.45,broken clouds
141,Carutapera,BR,-1.195,-46.02,81.54,85,19,4.32,few clouds
142,Nyimba,ZM,-14.5566,30.8149,71.82,59,46,3.51,scattered clouds
143,Aztec,US,36.8222,-107.9929,72.48,25,98,3.0,overcast clouds
144,Nikolskoye,RU,59.7035,30.7861,53.49,54,1,2.21,clear sky
145,Pekalongan,ID,-6.8886,109.6753,78.8,80,72,4.45,broken clouds
146,Samarai,PG,-10.6167,150.6667,80.31,79,27,6.73,scattered clouds
147,Yakeshi,CN,49.2833,120.7333,54.77,47,29,10.78,scattered clouds
148,Constantine,DZ,36.365,6.6147,89.01,20,20,16.11,few clouds
149,Norman Wells,CA,65.282,-126.8329,43.66,55,84,3.89,broken clouds
150,Rocha,UY,-34.4833,-54.3333,65.62,49,9,4.29,clear sky
151,Provideniya,RU,64.3833,-173.3,47.12,49,100,9.66,overcast clouds
152,Barabinsk,RU,55.3571,78.357,52.05,75,100,8.7,overcast clouds
153,Severo-Kurilsk,RU,50.6789,156.125,40.84,96,98,15.73,overcast clouds
154,Khorixas,NA,-20.3667,14.9667,66.0,15,0,12.1,clear sky
155,Bilma,NE,18.6853,12.9164,94.19,8,14,7.4,few clouds
156,San Cristobal,VE,7.7669,-72.225,84.25,40,15,9.75,few clouds
157,Abonnema,NG,4.7084,6.7931,77.79,85,95,6.49,light rain
158,Lakes Entrance,AU,-37.8811,147.981,40.15,89,9,4.68,clear sky
159,Moree,AU,-29.4667,149.85,56.35,80,100,5.19,overcast clouds
160,East London,ZA,-33.0153,27.9116,58.14,94,0,4.61,clear sky
161,Winslow,US,35.0242,-110.6974,77.18,18,0,8.05,clear sky
162,Guymon,US,36.6828,-101.4816,62.6,27,100,8.05,overcast clouds
163,Opunake,NZ,-39.4556,173.8583,49.84,73,54,15.77,broken clouds
164,Soc Trang,VN,9.6033,105.98,78.26,87,100,4.07,overcast clouds
165,Nouakchott,MR,18.0858,-15.9785,69.73,83,28,18.37,scattered clouds
166,Kodiak,US,57.79,-152.4072,45.95,83,92,12.19,overcast clouds
167,Poum,NC,-20.2333,164.0167,77.97,82,71,12.5,broken clouds
168,Iqaluit,CA,63.7506,-68.5145,25.7,86,88,28.01,overcast clouds
169,Mareeba,AU,-17.0,145.4333,68.72,90,34,1.9,scattered clouds
170,Butaritari,KI,3.0707,172.7902,81.48,81,100,13.98,moderate rain
171,Ambanja,MG,-13.6833,48.45,75.4,92,97,2.53,light rain
172,Mabaruma,GY,8.2,-59.7833,81.7,75,88,6.26,overcast clouds
173,Saint George,US,37.1041,-113.5841,83.62,11,0,5.75,clear sky
174,Mutsu,JP,41.2894,141.2169,53.74,93,98,3.09,overcast clouds
175,Illapel,CL,-31.6308,-71.1653,71.64,37,60,4.79,broken clouds
176,Greenville,US,35.6127,-77.3663,85.12,66,0,10.36,clear sky
177,Fuyang,CN,32.9,115.8167,65.91,46,56,3.87,broken clouds
178,Santa Cruz,BO,-17.8,-63.1667,80.06,50,40,13.8,scattered clouds
179,Miastko,PL,54.0028,16.9826,52.66,72,78,6.35,broken clouds
180,Meulaboh,ID,4.1363,96.1285,78.1,86,100,1.66,overcast clouds
181,Janauba,BR,-15.8025,-43.3089,86.25,23,1,4.18,clear sky
182,Kabanjahe,ID,3.1001,98.4908,63.81,94,88,2.44,overcast clouds
183,Vardo,NO,70.3705,31.1107,37.38,93,75,16.11,broken clouds
184,Loa Janan,ID,-0.583,117.095,73.51,99,85,0.92,overcast clouds
185,Mount Gambier,AU,-37.8333,140.7667,40.91,93,75,3.44,fog
186,Duobao,CN,30.67,112.6895,65.03,89,63,5.1,broken clouds
187,Sola,VU,-13.8833,167.55,80.71,75,16,1.97,few clouds
188,Talnakh,RU,69.4865,88.3972,35.53,100,100,2.28,overcast clouds
189,Oparino,RU,59.8518,48.2783,32.77,98,100,7.16,light snow
190,Tessalit,ML,20.1986,1.0114,95.5,15,46,23.13,scattered clouds
191,Souillac,MU,-20.5167,57.5167,75.58,69,20,11.5,few clouds
192,Tefe,BR,-3.3542,-64.7114,86.11,74,75,4.61,broken clouds
193,Yenagoa,NG,4.9247,6.2642,77.02,89,80,4.32,moderate rain
194,Gondanglegi,ID,-7.7479,112.0132,74.75,91,89,3.09,overcast clouds
195,Russellville,US,35.2784,-93.1338,62.74,70,100,8.99,overcast clouds
196,Dunedin,NZ,-45.8742,170.5036,46.8,70,100,7.0,overcast clouds
197,Alofi,NU,-19.0595,-169.9187,79.81,70,18,14.72,few clouds
198,Bambous Virieux,MU,-20.3428,57.7575,75.45,69,20,11.5,few clouds
199,Roald,NO,62.5833,6.1333,60.17,82,75,9.22,light rain
200,Tasiilaq,GL,65.6145,-37.6368,35.76,96,100,6.71,overcast clouds
201,Pevek,RU,69.7008,170.3133,34.66,88,42,11.21,scattered clouds
202,Cambridge,CA,43.3601,-80.3127,57.15,85,100,1.01,overcast clouds
203,Tateyama,JP,34.9833,139.8667,65.93,89,53,11.01,broken clouds
204,Negrasi,RO,44.6,25.1167,66.18,56,55,5.17,broken clouds
205,Tahta,EG,26.7693,31.5021,79.63,18,0,12.53,clear sky
206,Narsaq,GL,60.9167,-46.05,37.62,99,100,6.13,moderate rain
207,Olafsvik,IS,64.8945,-23.7142,45.68,65,27,12.44,scattered clouds
208,Treinta Y Tres,UY,-33.2333,-54.3833,65.93,50,0,3.91,clear sky
209,Raga,SS,8.4596,25.678,80.02,53,25,3.51,scattered clouds
210,College,US,64.8569,-147.8028,61.59,34,40,6.91,scattered clouds
211,Castro,BR,-24.7911,-50.0119,66.0,40,2,5.53,clear sky
212,Hokitika,NZ,-42.7167,170.9667,44.67,81,20,5.77,few clouds
213,Sheridan,US,44.8333,-106.9173,55.78,42,75,12.66,broken clouds
214,Marsh Harbour,BS,26.5412,-77.0636,79.48,75,91,15.37,overcast clouds
215,Praxedis Guerrero,MX,31.3667,-106.0167,71.06,33,53,16.93,broken clouds
216,Atar,MR,20.5169,-13.0499,108.32,7,18,1.07,few clouds
217,Bujaru,BR,-1.515,-48.0447,84.16,75,49,1.88,scattered clouds
218,Pochutla,MX,15.7432,-96.4661,91.81,38,0,9.93,clear sky
219,Hambantota,LK,6.1241,81.1185,79.65,85,8,15.61,clear sky
220,Hami,CN,42.8,93.45,79.84,17,94,8.75,overcast clouds
221,Avarua,CK,-21.2078,-159.775,78.84,78,29,14.12,moderate rain
222,Rio Gallegos,AR,-51.6226,-69.2181,42.39,51,30,15.21,scattered clouds
223,Kawalu,ID,-7.3817,108.2082,72.75,97,98,1.59,overcast clouds
224,Port Moresby,PG,-9.4431,147.1797,76.44,89,48,7.23,scattered clouds
225,Radhanpur,IN,23.8333,71.6,86.25,68,0,22.03,clear sky
226,Saint-Francois,FR,46.4154,3.9054,80.04,61,0,5.75,clear sky
227,Luderitz,NA,-26.6481,15.1594,58.32,71,26,9.4,scattered clouds
228,Canon City,US,38.441,-105.2424,48.63,82,100,3.0,overcast clouds
229,Haftoni,AZ,38.7632,48.7622,64.11,82,40,5.75,scattered clouds
230,Hualmay,PE,-11.0964,-77.6139,69.26,72,78,8.3,broken clouds
231,Priargunsk,RU,50.3691,119.1012,57.52,50,25,14.29,scattered clouds
232,Esperance,AU,-33.8667,121.9,64.54,65,37,10.49,scattered clouds
233,Pundaguitan,PH,6.3711,126.1689,81.99,73,75,1.07,broken clouds
234,Komsomolskiy,UZ,40.4272,71.7189,59.92,48,100,6.89,overcast clouds
235,Anloga,GH,5.7947,0.8973,79.68,79,100,9.86,overcast clouds
236,Vila Velha,BR,-20.3297,-40.2925,73.17,66,42,7.96,scattered clouds
237,Kokopo,PG,-4.352,152.2633,76.26,75,33,3.2,scattered clouds
238,Severodvinsk,RU,64.5635,39.8302,37.51,59,79,15.73,broken clouds
239,Leningradskiy,RU,69.3833,178.4167,32.02,92,100,4.74,overcast clouds
240,Abu Dhabi,AE,24.4667,54.3667,83.97,67,0,1.01,clear sky
241,Raudeberg,NO,61.9875,5.1352,50.86,88,100,14.23,light rain
242,Ayan,RU,56.45,138.1667,31.77,90,98,4.74,overcast clouds
243,Xinxiang,CN,35.3089,113.8672,70.52,54,11,1.7,few clouds
244,Faya,SA,18.3851,42.4509,73.92,27,3,4.85,clear sky
245,Novomikhaylovskiy,RU,44.2581,38.8578,55.78,84,19,3.98,few clouds
246,Basoko,CD,1.2391,23.616,77.85,73,92,0.87,overcast clouds
247,Port Blair,IN,11.6667,92.75,83.1,83,92,21.72,light rain
248,Aguada De Pasajeros,CU,22.385,-80.8508,94.08,40,100,10.67,overcast clouds
249,Sibolga,ID,1.7427,98.7792,76.6,88,97,3.04,overcast clouds
250,Shuangyang,CN,43.5242,125.6736,58.01,53,3,6.87,clear sky
251,Peno,RU,56.9262,32.7426,41.05,56,4,4.97,clear sky
252,Kaitangata,NZ,-46.2817,169.8464,46.76,85,92,12.59,overcast clouds
253,Mecca,SA,21.4267,39.8261,89.31,31,3,4.97,clear sky
254,Luganville,VU,-15.5333,167.1667,77.0,89,15,2.53,few clouds
255,Havelock,US,34.8791,-76.9013,82.96,81,100,11.5,overcast clouds
256,Muriwai Beach,NZ,-36.8167,174.45,58.77,84,97,15.5,overcast clouds
257,Kutum,SD,14.2,24.6667,83.91,15,98,9.71,overcast clouds
258,Hidalgo,MX,20.5,-99.0,83.26,30,3,9.8,clear sky
259,Kamina,CD,-8.7386,24.9906,72.01,62,99,3.22,overcast clouds
260,Margate,GB,51.3813,1.3862,66.69,69,70,3.0,broken clouds
261,Nsanje,MW,-16.92,35.262,74.59,73,18,3.98,few clouds
262,Hobe Sound,US,27.0595,-80.1364,90.0,68,75,16.11,broken clouds
263,Shenzhen,CN,22.5455,114.0683,77.27,89,100,9.33,overcast clouds
264,Brae,GB,60.3964,-1.353,51.73,95,100,10.27,light rain
265,Ancud,CL,-41.8697,-73.8203,48.87,67,62,14.0,light rain
266,Yar-Sale,RU,66.8333,70.8333,33.91,92,100,25.41,light snow
267,Honningsvag,NO,70.9821,25.9704,46.15,76,54,3.44,broken clouds
268,Sao Joao Da Barra,BR,-21.6403,-41.0511,71.94,65,9,9.6,clear sky
269,Sunbury,AU,-37.5833,144.7333,48.49,94,75,1.14,broken clouds
270,Yuli,NG,9.6989,10.2744,90.12,41,55,4.32,broken clouds
271,Petropavlovsk-Kamchatskiy,RU,53.0452,158.6483,39.22,95,100,2.08,overcast clouds
272,Westport,US,41.1415,-73.3579,93.27,58,0,11.5,clear sky
273,Port-Gentil,GA,-0.7193,8.7815,78.76,83,75,12.66,broken clouds
274,Shestakovo,RU,56.4915,103.96,44.46,90,95,5.14,overcast clouds
275,Ambilobe,MG,-13.2,49.05,74.52,72,62,5.06,broken clouds
276,Ahipara,NZ,-35.1667,173.1667,59.11,76,98,10.85,overcast clouds
277,Guerrero Negro,MX,27.9769,-114.0611,66.76,59,0,13.62,clear sky
278,Homer,US,59.6425,-151.5483,56.77,66,75,1.01,broken clouds
279,Kinablangan,PH,7.6947,126.5503,77.99,85,51,4.23,broken clouds
280,Yinchuan,CN,38.4681,106.2731,66.34,49,43,1.5,scattered clouds
281,Touros,BR,-5.1989,-35.4608,82.4,73,36,14.72,scattered clouds
282,Cabedelo,BR,-6.9811,-34.8339,80.22,80,42,19.71,light rain
283,Chartres,FR,48.4167,1.5,69.17,69,100,5.99,overcast clouds
284,Rumoi,JP,43.9344,141.6428,55.4,95,100,4.79,light rain
285,Xuanhua,CN,40.6103,115.0447,65.68,52,84,1.36,broken clouds
286,Kavieng,PG,-2.5744,150.7967,82.58,68,57,16.82,broken clouds
287,Rincon,US,32.296,-81.2354,86.86,77,75,9.22,thunderstorm
288,Port-Cartier,CA,50.0334,-66.8654,55.74,76,91,5.64,overcast clouds
289,Soyo,AO,-6.1349,12.3689,76.71,77,63,9.64,broken clouds
290,Skerries,IE,53.5828,-6.1083,59.5,76,82,12.06,broken clouds
291,Hofn,IS,64.2539,-15.2082,53.62,54,75,20.71,broken clouds
292,Axim,GH,4.8699,-2.2405,76.59,86,100,5.14,overcast clouds
293,Bengkulu,ID,-3.8004,102.2655,76.77,89,85,3.24,light rain
294,Tual,ID,-5.6667,132.75,83.07,76,23,13.89,few clouds
295,Catamarca,AR,-28.4696,-65.7852,80.58,33,0,4.0,clear sky
296,Marau,BR,-28.4492,-52.2,61.74,66,100,3.51,overcast clouds
297,Bilibino,RU,68.0546,166.4372,41.86,73,90,3.4,overcast clouds
298,Nieuwpoort,BE,51.1244,2.7735,72.18,70,75,5.75,broken clouds
299,Terekli-Mekteb,RU,44.1671,45.8698,70.12,45,0,6.02,clear sky
300,Sitka,US,57.0531,-135.33,51.69,76,40,6.91,scattered clouds
301,Saint-Georges,GD,12.0564,-61.7485,82.2,67,33,15.12,scattered clouds
302,Asyut,EG,27.181,31.1837,79.47,17,0,11.88,clear sky
303,Khandyga,RU,62.6667,135.6,36.1,81,16,1.25,few clouds
304,Makat,KZ,47.6469,53.3463,62.46,67,100,20.09,overcast clouds
305,Pietarsaari,FI,63.65,22.6833,55.47,66,98,9.73,overcast clouds
306,Sioux Lookout,CA,50.1001,-91.917,51.8,34,75,8.37,broken clouds
307,Haines Junction,CA,60.7522,-137.5108,47.01,49,100,3.36,overcast clouds
308,Uruguaiana,BR,-29.7547,-57.0883,69.73,56,20,3.44,few clouds
309,Tuy Hoa,VN,13.0833,109.3,78.73,82,99,11.41,overcast clouds
310,Emba,KZ,48.8264,58.1442,55.42,75,100,23.96,light rain
311,Tashir,AM,41.1207,44.2846,49.62,70,8,6.02,clear sky
312,Itarema,BR,-2.9248,-39.9167,82.87,77,58,8.23,broken clouds
313,Ilulissat,GL,69.2167,-51.1,35.62,93,75,5.75,light rain and snow
314,Kokrajhar,IN,26.399,90.2718,74.77,90,94,4.74,overcast clouds
315,North Bend,US,43.4065,-124.2243,63.25,91,0,9.22,clear sky
316,Newport,GB,51.5877,-2.9984,66.16,67,95,8.08,overcast clouds
317,Maple Grove,US,45.0725,-93.4558,55.76,40,100,9.22,overcast clouds
318,Palmer,US,42.1584,-72.3287,91.47,55,43,8.01,scattered clouds
319,Riyadh,SA,24.6877,46.7219,95.14,8,2,11.16,clear sky
320,Tilichiki,RU,60.4667,166.1,34.16,88,15,4.23,few clouds
321,Saint Augustine,US,29.8947,-81.3145,87.06,78,75,18.41,broken clouds
322,Acari,PE,-15.4311,-74.6158,77.99,51,84,8.19,broken clouds
323,Kattivakkam,IN,13.2167,80.3167,91.08,64,90,14.14,overcast clouds
324,Sur,OM,22.5667,59.5289,92.82,45,2,8.48,clear sky
325,Vila,PT,42.0304,-8.1588,59.7,85,96,3.91,overcast clouds
326,Balabac,PH,7.9868,117.0645,80.98,78,99,6.04,overcast clouds
327,Flinders,AU,-34.5833,150.8552,55.18,91,99,3.0,light rain
328,Hamilton,US,39.1834,-84.5333,67.21,75,100,12.66,overcast clouds
329,Erdenet,MN,49.0333,104.0833,56.07,39,33,7.09,scattered clouds
330,Bandarbeyla,SO,9.4942,50.8122,80.94,84,60,17.22,broken clouds
331,Tura,IN,25.5198,90.2201,72.57,94,83,3.65,broken clouds
332,Afua,BR,-0.1567,-50.3867,82.15,79,16,3.91,few clouds
333,Rawson,AR,-43.3002,-65.1023,50.56,82,100,23.29,light rain
334,Terrace Bay,CA,48.7834,-87.1,40.71,71,79,11.39,broken clouds
335,Marzuq,YE,14.4,46.4667,80.58,13,100,2.19,overcast clouds
336,Inuvik,CA,68.3499,-133.7218,27.36,68,75,4.61,broken clouds
337,Beloha,MG,-25.1667,45.05,66.24,75,30,6.2,scattered clouds
338,Tyubuk,RU,56.0552,60.9405,35.73,89,48,8.05,scattered clouds
339,Saint-Augustin,CA,51.226,-58.6502,53.94,82,92,11.36,overcast clouds
340,Zenzeli,RU,45.9241,47.0474,65.16,55,18,2.42,few clouds
341,Korla,CN,41.7597,86.1469,80.33,13,100,16.46,overcast clouds
342,Pangnirtung,CA,66.1451,-65.7125,32.0,89,96,6.06,light snow
343,Acapulco,MX,16.8634,-99.8901,85.82,62,75,8.05,broken clouds
344,Bac Lieu,VN,9.285,105.7244,80.28,83,100,7.29,overcast clouds
345,Sao Filipe,CV,14.8961,-24.4956,72.75,77,42,14.65,scattered clouds
346,Okhotsk,RU,59.3833,143.3,34.09,99,100,13.09,light snow
347,Taoudenni,ML,22.6783,-3.9836,104.11,7,0,13.29,clear sky
348,Duku,NG,11.2361,4.9073,80.83,61,100,7.85,light rain
349,Qingquan,CN,30.4511,115.2559,67.69,89,100,4.83,overcast clouds
350,Fortuna,US,40.5982,-124.1573,54.99,88,75,9.22,broken clouds
351,Beringovskiy,RU,63.05,179.3167,38.5,82,100,8.23,overcast clouds
352,Vanavara,RU,60.34,102.2797,41.83,94,67,2.59,broken clouds
353,Batangafo,CF,7.3008,18.2833,84.11,49,94,4.38,overcast clouds
354,San Andres,CO,12.5847,-81.7006,81.99,80,99,18.79,overcast clouds
355,Izumo,JP,35.3667,132.7667,61.34,93,64,2.51,broken clouds
356,Doka,SD,13.5167,35.7667,87.71,37,77,5.99,light rain
357,Lata,PT,40.1629,-8.3327,63.81,69,66,10.36,broken clouds
358,Carballo,ES,43.213,-8.691,63.82,93,100,2.95,overcast clouds
359,Sijunjung,ID,-0.6876,100.9537,71.74,92,87,2.04,overcast clouds
360,Coihaique,CL,-45.5752,-72.0662,40.95,70,75,6.91,broken clouds
361,Qaqortoq,GL,60.7167,-46.0333,36.99,98,100,14.34,light rain
362,Anstruther,GB,56.2231,-2.7023,60.78,67,75,16.11,broken clouds
363,Copiapo,CL,-27.3667,-70.3333,60.49,28,2,8.66,clear sky
364,Lanja,IN,16.85,73.55,80.11,83,18,3.94,few clouds
365,Oda,JP,35.1833,132.5,62.08,91,73,3.38,broken clouds
366,Nyagan,RU,62.1406,65.3936,45.1,97,100,5.48,moderate rain
367,Moron,AR,-34.6534,-58.6198,69.49,56,0,9.22,clear sky
368,Necochea,AR,-38.5473,-58.7368,62.38,45,100,13.18,overcast clouds
369,Basco,PH,20.4487,121.9702,81.68,79,72,11.16,broken clouds
370,Krasnoselkup,RU,65.7,82.4667,54.66,72,86,9.71,overcast clouds
371,Oranjemund,NA,-28.55,16.4333,56.16,78,7,11.03,clear sky
372,Bogo,PH,11.0517,124.0055,78.98,83,97,4.18,overcast clouds
373,Maceio,BR,-9.6658,-35.7353,81.84,69,75,11.5,broken clouds
374,Adrar,MR,20.5022,-10.0711,105.46,6,22,10.76,few clouds
375,Waipawa,NZ,-41.4122,175.5153,48.49,80,27,10.67,scattered clouds
376,Salalah,OM,17.0151,54.0924,84.29,84,75,9.22,broken clouds
377,Mims,US,28.6653,-80.8448,94.06,67,75,17.27,broken clouds
378,Yerofey Pavlovich,RU,53.9667,121.9667,39.85,97,100,3.65,light rain
379,Deputatskiy,RU,69.3,139.9,20.71,99,81,4.0,broken clouds
380,Ouahigouya,BF,13.5828,-2.4216,90.57,34,100,7.56,light rain
381,Merauke,ID,-8.4667,140.3333,78.13,87,22,11.56,few clouds
382,Manado,ID,1.487,124.8455,74.17,100,40,1.14,scattered clouds
383,Dalvik,IS,65.9702,-18.5286,38.41,96,100,5.99,overcast clouds
384,Ayr,GB,55.4627,-4.6339,58.93,88,40,13.8,scattered clouds
385,Biak,ID,-0.9131,122.8766,75.76,82,94,5.44,overcast clouds
386,Novobirilyussy,RU,56.9514,90.6661,53.55,54,100,5.88,overcast clouds
387,Igrim,RU,63.1906,64.4162,46.78,99,100,6.91,moderate rain
388,Belmonte,BR,-15.8631,-38.8828,77.99,61,14,11.5,few clouds
389,San Vicente De Canete,PE,-13.0751,-76.3835,69.78,72,95,7.14,overcast clouds
390,Quelimane,MZ,-17.8786,36.8883,78.75,83,40,8.05,scattered clouds
391,Kloulklubed,PW,7.0419,134.2556,83.37,75,93,7.29,overcast clouds
392,Piranshahr,IR,36.701,45.1413,63.61,41,92,4.54,overcast clouds
393,Pechea,RO,45.6333,27.8,59.92,67,97,7.67,overcast clouds
394,Lumphat,KH,13.4878,106.9816,74.37,98,100,6.6,overcast clouds
395,Gladstone,AU,-23.85,151.25,67.93,68,75,10.36,broken clouds
396,Aguadilla,PR,18.4275,-67.1541,87.91,74,0,19.57,clear sky
397,Blythe,US,33.6103,-114.5964,90.03,24,0,6.91,clear sky
398,Porto Santo,PT,33.072,-16.3415,70.18,60,20,11.5,few clouds
399,Springdale,US,36.1867,-94.1288,57.61,69,100,12.66,overcast clouds
400,Kruisfontein,ZA,-34.0033,24.7314,55.89,78,66,2.06,broken clouds
401,Swan Hill,AU,-35.3378,143.5544,48.72,68,1,7.11,clear sky
402,Palu,ID,-0.8917,119.8707,76.19,96,100,2.28,overcast clouds
403,Bud,US,39.447,-86.1758,66.74,65,100,11.81,overcast clouds
404,Kahului,US,20.8947,-156.47,80.62,65,20,10.36,few clouds
405,Isiro,CD,2.7739,27.616,72.27,75,73,1.86,broken clouds
406,Victoria,HK,22.2855,114.1577,77.38,83,100,18.01,moderate rain
407,Fort Nelson,CA,58.8053,-122.7002,49.75,64,100,3.42,overcast clouds
408,Uyuni,BO,-20.4597,-66.825,46.72,18,3,17.11,clear sky
409,Gigmoto,PH,13.7796,124.39,80.22,87,100,8.5,overcast clouds
410,Santa Isabel Do Rio Negro,BR,-0.4139,-65.0192,81.48,71,98,3.33,overcast clouds
411,Portland,US,45.5234,-122.6762,68.86,57,20,6.91,few clouds
412,Mount Pleasant,US,32.7941,-79.8626,71.01,96,100,4.61,heavy intensity rain
413,Mozarlandia,BR,-14.7447,-50.5706,87.76,15,6,5.26,clear sky
414,Mamontovo,RU,52.7055,81.6244,56.97,52,66,19.98,broken clouds
415,Pavlodar,KZ,52.3,76.95,55.2,35,0,8.95,clear sky
416,Bonfim,BR,3.0833,-59.95,71.74,97,100,2.8,light rain
417,Hurricane,US,37.1753,-113.2899,81.7,11,35,6.96,scattered clouds
418,Falam,MM,22.9167,93.6833,61.97,78,20,2.68,few clouds
419,Husavik,IS,66.0449,-17.3389,37.99,97,100,8.52,overcast clouds
420,Bairiki,KI,1.3292,172.9752,80.6,89,20,9.22,few clouds
421,Tsabong,BW,-26.0217,22.401,58.86,57,2,6.02,clear sky
422,Tsaratanana,MG,-16.7833,47.65,69.98,80,18,7.4,few clouds
423,Parakou,BJ,9.3372,2.6303,77.13,70,98,5.3,overcast clouds
424,Coquimbo,CL,-29.9533,-71.3436,60.53,77,20,13.8,few clouds
425,Severnyy,RU,50.677,36.5532,46.44,87,75,11.18,broken clouds
426,Vigia Del Fuerte,CO,6.5789,-76.8863,86.2,76,50,2.71,scattered clouds
427,Seydi,TM,39.4816,62.9137,71.42,25,1,6.93,clear sky
428,Santona,ES,43.4439,-3.4576,67.59,95,85,18.9,overcast clouds
429,Harbour Breton,CA,47.4833,-55.7983,48.63,77,98,11.86,overcast clouds
430,Galesong,ID,-5.3166,119.3661,75.22,82,30,4.79,scattered clouds
431,Solnechnyy,RU,50.7214,136.6319,34.52,89,49,2.91,scattered clouds
432,Moyale,KE,3.5167,39.0584,66.43,81,65,2.59,broken clouds
433,Ankazoabo,MG,-22.2833,44.5167,68.38,35,0,5.21,clear sky
434,Khorinsk,RU,52.1657,109.7726,49.21,78,63,1.83,broken clouds
435,Bonavista,CA,48.6499,-53.1147,54.95,66,96,14.92,overcast clouds
436,Gazojak,TM,41.1875,61.4036,69.55,34,8,6.42,clear sky
437,Naranjal,EC,-2.6667,-79.6167,83.93,73,91,4.03,light rain
438,Sabha,LY,27.0377,14.4283,83.1,8,0,8.57,clear sky
439,Nanortalik,GL,60.1432,-45.2371,37.33,98,100,10.56,moderate rain
440,Padang,ID,-0.9492,100.3543,77.23,87,87,3.44,overcast clouds
441,Otradnoye,RU,59.7775,30.8181,53.65,53,0,1.97,clear sky
442,Bytow,PL,54.1706,17.4919,52.03,61,58,6.02,broken clouds
443,Rio Grande,BR,-32.035,-52.0986,64.94,64,29,5.79,scattered clouds
444,Shingu,JP,33.7333,135.9833,62.13,76,0,7.09,clear sky
445,Kijang,KR,35.2442,129.2139,64.45,74,0,4.92,clear sky
446,Livingston,GB,55.9029,-3.5226,59.36,68,20,20.71,few clouds
447,Rio Branco,BR,-9.9747,-67.81,86.61,62,75,3.44,broken clouds
448,Bozeman,US,45.6796,-111.0386,47.62,63,20,6.91,few clouds
449,Malpe,IN,13.35,74.7167,78.1,85,89,3.31,overcast clouds
450,Eydhafushi,MV,5.1033,73.0708,83.3,78,46,13.87,scattered clouds
451,Honiara,SB,-9.4333,159.95,77.13,85,10,4.32,clear sky
452,Harper,LR,4.375,-7.7169,77.36,78,100,6.6,light rain
453,Kununurra,AU,-15.7667,128.7333,60.78,82,90,1.14,overcast clouds
454,San Patricio,US,28.017,-97.5169,79.84,58,97,11.52,overcast clouds
455,Caravelas,BR,-17.7125,-39.2481,75.18,63,19,7.81,few clouds
456,Mattru,SL,7.6244,-11.8332,76.73,92,96,5.1,moderate rain
457,Praia Da Vitoria,PT,38.7333,-27.0667,66.76,94,100,4.03,light rain
458,Linjiang,CN,41.8069,126.9078,50.61,78,2,1.86,clear sky
459,Kirensk,RU,57.7853,108.1119,43.11,90,61,1.57,broken clouds
460,Kabompo,ZM,-13.5927,24.2008,60.48,53,70,5.1,broken clouds
461,Porto De Moz,BR,-1.7483,-52.2383,79.61,75,26,2.28,scattered clouds
462,Jiwani,PK,25.05,61.7417,85.59,80,0,9.75,clear sky
463,Arica,CL,-18.475,-70.3042,72.95,64,0,12.66,clear sky
464,Yeppoon,AU,-23.1333,150.7333,67.78,89,95,10.42,overcast clouds
465,Zhoucheng,CN,35.9122,116.3117,67.33,46,94,6.08,overcast clouds
466,Vangaindrano,MG,-23.35,47.6,66.96,91,1,3.94,clear sky
467,Lompoc,US,34.6391,-120.4579,72.63,65,0,12.66,clear sky
468,Ransang,PH,8.9603,117.5828,78.49,82,99,5.01,overcast clouds
469,Collie,AU,-33.3667,116.15,54.34,87,27,10.63,scattered clouds
470,Viedma,AR,-40.8135,-62.9967,59.68,34,98,11.45,light rain
471,Labuhan,ID,-6.8844,112.2051,80.2,82,98,10.51,light rain
472,Buluang,PH,13.3068,123.3425,77.31,91,94,2.75,overcast clouds
473,Cuajinicuilapa,MX,16.4667,-98.4167,92.77,37,11,8.97,few clouds
474,Dongsheng,CN,39.8161,109.9776,56.44,71,45,7.0,scattered clouds
475,Banfora,BF,10.6333,-4.7667,89.64,43,92,9.06,overcast clouds
476,Jutai,BR,-5.1833,-68.9,81.3,83,69,0.74,broken clouds
477,Oristano,IT,39.9,8.6,78.82,42,0,3.31,clear sky
478,Yanai,JP,33.9667,132.1167,64.62,81,6,4.43,clear sky
479,Half Moon Bay,US,37.4636,-122.4286,76.91,64,0,14.97,mist
480,Nanakuli,US,21.3906,-158.1547,80.55,64,100,5.75,overcast clouds
481,Aksha,RU,50.2814,113.2867,54.45,52,81,5.23,broken clouds
482,Tautira,PF,-17.7333,-149.15,79.34,75,28,14.47,light rain
483,Joshimath,IN,30.5667,79.5667,59.2,85,84,1.12,broken clouds
484,Gamboula,CF,4.1178,15.1393,72.41,88,61,4.38,light rain
485,Mayumba,GA,-3.432,10.6554,76.14,84,75,6.31,broken clouds
486,Darnah,LY,32.767,22.6367,68.59,53,0,18.45,clear sky
487,Noumea,NC,-22.2763,166.4572,78.78,99,69,2.51,broken clouds
488,Tuatapere,NZ,-46.1333,167.6833,44.38,83,84,8.81,broken clouds
489,Formosa Do Rio Preto,BR,-11.0483,-45.1931,89.82,33,7,4.56,clear sky
490,Wagar,SD,16.1525,36.2032,100.4,20,68,4.79,broken clouds
491,Mitsamiouli,KM,-11.3847,43.2844,81.12,77,23,5.99,light rain
492,Palauig,PH,15.435,119.9045,80.83,79,92,7.49,light rain
493,Kerchevskiy,RU,59.946,56.2884,34.0,98,100,6.71,overcast clouds
494,Yulara,AU,-25.2406,130.9889,57.2,41,68,7.56,broken clouds
495,Assiniboia,CA,49.6334,-105.9845,53.22,29,23,4.83,few clouds
496,Pitea,SE,65.3172,21.4794,55.49,76,99,5.7,overcast clouds
497,Bila Tserkva,UA,49.8094,30.1121,49.51,87,100,13.47,overcast clouds
498,Waingapu,ID,-9.6567,120.2641,77.02,85,89,8.52,overcast clouds
499,Banjar,ID,-8.19,114.9675,77.31,87,100,3.58,overcast clouds
500,Les Cayes,HT,18.2,-73.75,84.74,63,92,10.87,overcast clouds
501,Kavaratti,IN,10.5669,72.642,83.61,79,100,17.45,overcast clouds
502,Monte Santo De Minas,BR,-21.1897,-46.9803,70.99,34,0,5.44,clear sky
503,Vila Franca Do Campo,PT,37.7167,-25.4333,64.81,87,100,3.98,light rain
504,Svetlogorsk,BY,52.6333,29.7333,47.3,88,83,5.46,broken clouds
505,Cairns,AU,-16.9167,145.7667,73.35,84,100,9.22,overcast clouds
506,Jizan,SA,17.3333,42.6667,86.94,58,4,1.39,clear sky
507,Vallenar,CL,-28.5708,-70.7581,79.3,21,0,5.14,clear sky
508,Obo,CF,5.3998,26.4869,70.99,93,86,1.59,moderate rain
509,Corinto,GR,37.9407,22.9573,75.88,56,6,3.94,clear sky
510,Khanewal,PK,30.3,71.9333,96.87,7,48,7.72,scattered clouds
511,Jonkoping,SE,57.7814,14.1562,57.38,87,40,5.75,scattered clouds
512,Hvide Sande,DK,56.0045,8.1294,59.09,80,64,9.17,broken clouds
513,Daru,PG,-9.0763,143.2092,80.44,79,53,13.02,broken clouds
514,Colares,PT,38.7992,-9.4469,66.33,79,75,25.01,light intensity drizzle
515,Bardiyah,LY,31.7561,25.0865,67.86,71,0,13.91,clear sky
516,Egvekinot,RU,66.3167,-179.1667,41.22,61,100,3.98,overcast clouds
517,Dudinka,RU,69.4058,86.1778,33.62,100,100,4.0,overcast clouds
518,Miles City,US,46.4083,-105.8406,54.57,37,0,11.5,clear sky
519,Puerto Madero,MX,14.7208,-92.4215,88.0,66,75,0.0,broken clouds
520,Uvat,RU,59.1433,68.8953,41.95,80,100,8.39,overcast clouds
521,Kralendijk,BQ,12.15,-68.2667,87.78,58,0,24.16,clear sky
522,Wyndham,US,37.6985,-77.6125,91.06,62,20,15.99,few clouds
523,Vila Do Maio,CV,15.1333,-23.2167,77.79,78,54,16.06,broken clouds
524,Gerash,IR,27.6652,54.1371,88.74,10,0,4.18,clear sky
525,Alice Springs,AU,-23.7,133.8833,44.15,70,30,0.0,scattered clouds
526,Sisimiut,GL,66.9395,-53.6735,33.82,80,100,13.38,overcast clouds
527,Elblag,PL,54.1522,19.4088,55.94,88,98,8.01,overcast clouds
528,Kampong Thum,KH,12.7111,104.8887,76.51,92,100,7.72,overcast clouds
529,Port Hardy,CA,50.6996,-127.4199,54.59,66,100,2.91,overcast clouds
530,Pouembout,NC,-21.1333,164.9,73.15,91,78,4.85,broken clouds
531,Ust-Nera,RU,64.5667,143.2,33.94,89,73,3.98,broken clouds
532,Ganzhou,CN,28.8184,115.4327,64.96,98,100,3.69,light rain
533,Codrington,AU,-38.2667,141.9667,43.72,95,5,7.85,clear sky
534,Magdagachi,RU,53.45,125.8,46.69,98,100,7.78,light rain
535,Kuching,MY,1.55,110.3333,79.02,94,40,2.3,scattered clouds
536,Pisco,PE,-13.7,-76.2167,67.01,77,20,10.36,mist
537,Rafaela,AR,-31.2503,-61.4867,77.0,32,5,7.0,clear sky
538,Camden,US,39.7835,-74.9663,91.65,53,41,1.99,scattered clouds
539,Lubao,PH,14.9167,120.55,79.14,86,100,1.16,overcast clouds
540,Ambon,ID,-3.6954,128.1814,77.14,94,40,2.3,scattered clouds
541,Southbridge,US,42.0751,-72.0334,95.18,53,38,10.47,scattered clouds
542,Kiunga,PG,-6.1219,141.2906,72.88,100,66,0.63,broken clouds
543,Rio Tercero,AR,-32.173,-64.1141,74.8,30,39,17.56,scattered clouds
544,Mujiayingzi,CN,42.1167,118.7833,64.98,52,100,8.39,overcast clouds
545,Champerico,GT,14.3,-91.9167,86.54,69,98,8.88,overcast clouds
546,Chengde,CN,40.9725,117.9361,62.96,74,100,1.79,overcast clouds
547,Carolina,PR,18.3808,-65.9574,90.72,70,40,18.41,haze
548,Aykhal,RU,66.0,111.5,48.69,63,75,3.98,broken clouds
549,Bon Air,US,37.5249,-77.5578,90.91,62,37,8.01,scattered clouds
550,Port Shepstone,ZA,-30.7414,30.455,62.96,76,82,8.34,broken clouds
551,Balad,IQ,34.0164,44.1453,89.44,10,11,6.82,few clouds
552,Arona,ES,28.0996,-16.681,68.52,60,20,25.32,few clouds
553,Wismar,DE,53.9,11.4667,63.48,66,39,4.0,scattered clouds
554,Paamiut,GL,61.994,-49.6678,35.04,94,99,24.63,overcast clouds
555,Tiarei,PF,-17.5333,-149.3333,80.62,76,15,14.99,light rain
556,Poltavka,RU,54.3663,71.7632,46.11,72,63,13.65,broken clouds
557,Otukpo,NG,7.1913,8.1329,78.55,79,98,6.08,overcast clouds
558,Kerouane,GN,9.2667,-9.0167,75.38,82,100,2.71,light rain
559,Mogadishu,SO,2.0371,45.3438,80.78,85,97,17.58,overcast clouds
560,Kefar Weradim,IL,32.9939,35.2779,62.8,72,0,3.44,clear sky
561,Jaen,ES,38.0,-3.5,79.43,30,100,12.86,overcast clouds
562,Mugumu,TZ,-1.85,34.7,62.37,92,83,2.06,light rain
563,Nome,US,64.5011,-165.4064,62.67,23,0,16.11,clear sky
564,Gorele,TR,41.0308,39.0031,62.55,78,67,5.77,light rain
565,Elhovo,BG,42.1667,26.5667,72.01,65,62,7.2,broken clouds
566,Ouesso,CG,1.6136,16.0517,73.83,93,89,2.8,overcast clouds
567,North Platte,US,41.1239,-100.7654,66.09,28,20,5.99,few clouds
568,Bambanglipuro,ID,-7.95,110.2833,77.9,87,95,3.49,overcast clouds
569,Yagodnoye,RU,62.55,149.6667,33.39,83,100,1.57,overcast clouds
570,Christchurch,NZ,-43.5333,172.6333,43.0,84,10,5.75,clear sky
571,Camopi,GF,3.1655,-52.3158,87.12,55,72,5.26,broken clouds
572,Indramayu,ID,-6.3264,108.32,80.51,80,87,8.84,overcast clouds
573,Makaha,US,21.4694,-158.2175,80.51,68,75,0.0,broken clouds
574,San-Pedro,CI,4.7485,-6.6363,74.79,86,100,4.63,overcast clouds
575,Boende,CD,-0.2167,20.8667,78.85,73,75,2.33,broken clouds
576,Bonthe,SL,7.5264,-12.505,79.39,83,100,8.1,moderate rain
577,Springfield,US,37.2153,-93.2982,59.34,67,100,11.5,overcast clouds
578,Norrtalje,SE,59.758,18.705,53.78,45,100,4.38,overcast clouds
579,Conde,BR,-7.2597,-34.9075,80.06,83,75,13.8,broken clouds
580,Kirksville,US,40.1948,-92.5833,62.55,44,0,11.5,clear sky
581,Pelym,RU,61.0108,61.9978,34.88,98,100,8.59,overcast clouds
582,Altayskoye,RU,51.9533,85.3325,62.47,68,42,7.52,scattered clouds
583,Okoneshnikovo,RU,54.8377,75.0834,50.52,51,43,18.59,scattered clouds
584,Ondjiva,AO,-17.0667,15.7333,61.27,20,0,4.45,clear sky
585,Virginia Beach,US,36.8529,-75.978,89.65,64,75,18.41,broken clouds
586,Kologriv,RU,58.8275,44.3178,33.22,89,100,8.1,overcast clouds
587,Turayf,SA,31.6725,38.6637,73.65,33,75,29.93,broken clouds
588,Alexandria,EG,31.2156,29.9553,69.17,79,0,15.41,clear sky
589,Emborion,GR,40.4833,21.55,63.3,81,75,2.48,broken clouds
590,Sao Cristovao,BR,-11.0147,-37.2064,82.31,65,40,11.5,scattered clouds
591,Peniche,PT,39.3558,-9.3811,65.08,92,98,14.72,overcast clouds
592,Lorengau,PG,-2.0226,147.2712,82.87,71,94,11.54,overcast clouds
593,Mushie,CD,-3.0167,16.9,76.44,83,83,3.47,light rain
594,Vestmanna,FO,62.1564,-7.1664,47.32,93,100,6.91,light rain
595,Betafo,MG,-19.8333,46.85,58.87,78,30,4.0,scattered clouds
596,Richards Bay,ZA,-28.783,32.0377,64.56,88,94,18.01,light rain
597,Nanao,JP,37.05,136.9667,59.18,96,19,7.96,few clouds
598,Olbia,IT,40.9214,9.4856,77.05,65,0,4.61,clear sky
599,Road Town,VG,18.4167,-64.6167,86.04,66,40,11.5,scattered clouds
600,Mago,RU,53.2514,140.1822,34.03,91,93,1.61,overcast clouds
601,Nuuk,GL,64.1835,-51.7216,32.88,100,98,32.99,overcast clouds
602,Bosaso,SO,11.2842,49.1816,90.36,39,90,6.91,overcast clouds
603,Zyryanka,RU,65.75,150.85,45.46,63,99,11.72,overcast clouds
604,Astaneh-Ye Ashrafiyeh,IR,37.2596,49.9444,64.33,83,87,3.09,overcast clouds
605,Freeport,US,40.6576,-73.5832,96.49,59,0,13.8,clear sky
606,Denpasar,ID,-8.65,115.2167,80.26,88,20,4.61,few clouds
607,Kanalion,GR,39.6056,19.8925,73.18,64,0,4.61,clear sky
608,Ipameri,BR,-17.7219,-48.1597,79.11,26,24,5.44,few clouds
609,Mamallapuram,IN,12.6264,80.1722,91.06,56,78,15.39,broken clouds
610,Ajdabiya,LY,30.7554,20.2263,67.3,60,0,6.82,clear sky
611,San Javier,ES,37.8063,-0.8374,90.57,48,0,5.75,clear sky
612,Presidente Olegario,BR,-18.4178,-46.4181,74.89,32,7,5.84,clear sky
613,Kampot,KH,10.6167,104.1833,78.85,87,100,9.8,overcast clouds
614,Hervey Bay,AU,-25.2986,152.8535,65.01,94,84,3.0,light rain
615,Clonmel,IE,52.355,-7.7039,61.5,74,81,10.96,broken clouds
616,Vernon,CA,50.2581,-119.2691,63.61,48,3,1.01,clear sky
617,Santa Marinella,IT,42.0345,11.8536,76.73,62,4,4.65,clear sky
618,Acarau,BR,-2.8856,-40.12,82.87,74,56,7.67,broken clouds
619,Jimo,CN,36.3897,120.4622,69.58,68,0,6.71,clear sky
620,Nishihara,JP,26.1842,127.7558,74.48,78,75,8.05,broken clouds
621,Shitanjing,CN,39.2342,106.3439,59.41,57,87,6.02,overcast clouds
622,Morant Bay,JM,17.8815,-76.4093,90.72,71,100,11.7,overcast clouds
623,Garowe,SO,8.4054,48.4845,92.19,29,96,17.47,overcast clouds
624,Cockburn Town,TC,21.4612,-71.1419,79.59,77,19,20.15,few clouds
625,Uruzgan,AF,32.8333,66.0,63.95,15,0,7.25,clear sky
626,Seoul,KR,37.5683,126.9778,62.17,82,75,5.75,mist
627,Itambe,BR,-15.245,-40.6244,82.0,32,0,7.45,clear sky
628,Esso,RU,55.9333,158.7,34.14,97,91,3.38,overcast clouds
629,Auki,SB,-8.7676,160.7034,77.07,88,19,3.74,few clouds
630,Diapaga,BF,12.0708,1.7889,92.98,37,89,4.79,overcast clouds
631,Mokolo,CM,10.7398,13.8019,91.36,22,80,3.6,broken clouds
632,Stephenville,US,32.2207,-98.2023,72.75,52,0,6.91,clear sky
633,Puerto Penasco,MX,31.3167,-113.5333,73.9,69,31,10.0,scattered clouds
634,Vikindu,TZ,-7.0067,39.2985,72.81,87,82,5.57,broken clouds
635,Aracati,BR,-4.5617,-37.7697,85.17,64,54,8.21,broken clouds
636,Masyaf,SY,35.0653,36.3406,58.05,84,5,17.69,clear sky
637,Pakxan,LA,18.3778,103.6601,74.41,95,100,2.44,light rain
638,Hay River,CA,60.8156,-115.7999,37.38,93,100,6.91,light rain
639,Fayaoue,NC,-20.65,166.5333,76.8,82,12,3.02,few clouds
640,San Lorenzo,PY,-25.3333,-57.5333,72.54,46,20,4.61,few clouds
641,Leh,IN,34.1667,77.5833,48.18,44,80,6.51,broken clouds
642,Oeiras,BR,-7.0253,-42.1311,86.43,49,54,8.93,broken clouds
643,Angoche,MZ,-16.2325,39.9086,77.23,78,1,9.57,clear sky
644,Bubaque,GW,11.2833,-15.8333,78.39,74,83,15.59,broken clouds
645,Launceston,AU,-41.45,147.1667,38.16,100,38,4.61,scattered clouds
646,Sorkjosen,NO,69.8,20.9333,48.2,71,40,4.61,scattered clouds
647,Buin,CL,-33.7333,-70.75,71.87,39,100,4.38,overcast clouds
648,Kempsey,AU,-31.0833,152.8333,55.94,95,100,3.0,light rain
649,Male,MV,4.1748,73.5089,83.43,77,87,13.8,overcast clouds
650,Port Hedland,AU,-20.3167,118.5667,78.85,94,100,8.05,overcast clouds
651,Flagstaff,US,35.1981,-111.6513,72.05,27,0,12.66,clear sky
652,Tecpan,GT,14.7623,-90.9947,72.9,58,95,2.46,overcast clouds
653,Myitkyina,MM,25.3833,97.4,72.95,94,37,1.83,scattered clouds
654,Altus,US,34.6381,-99.334,70.36,23,0,14.97,clear sky
655,Madang,PG,-5.2246,145.7966,77.09,91,50,1.48,scattered clouds
656,Los Llanos De Aridane,ES,28.6585,-17.9182,67.75,82,75,14.97,broken clouds
657,Guarapari,BR,-20.6667,-40.4975,73.22,66,24,7.76,few clouds
658,Huinan,CN,42.6225,126.2614,54.91,63,1,3.85,clear sky
659,Maibong,IN,25.3,93.1667,70.56,97,19,2.3,few clouds
660,Hobyo,SO,5.3505,48.5268,80.67,82,97,27.76,overcast clouds
661,Breyten,ZA,-26.3018,29.987,45.34,89,100,5.75,overcast clouds
662,Dickinson,US,29.4608,-95.0513,84.0,73,75,9.22,broken clouds
663,Gamba,GA,-2.65,10.0,74.91,83,31,4.85,scattered clouds
664,Acajutla,SV,13.5928,-89.8275,84.63,67,98,9.31,overcast clouds
665,Boyolangu,ID,-8.1181,111.8935,75.18,89,74,1.52,broken clouds
666,Mehamn,NO,71.0357,27.8492,42.71,87,95,5.84,overcast clouds
667,Nieuw Amsterdam,SR,5.8833,-55.0833,80.62,88,75,2.3,thunderstorm with light rain
668,Jalu,LY,29.0331,21.5482,79.63,19,0,9.69,clear sky
669,Lakselv,NO,70.0513,24.9718,49.82,62,0,5.75,clear sky
670,Funtua,NG,11.5233,7.3081,88.56,23,67,5.17,broken clouds
671,Sao Geraldo Do Araguaia,BR,-6.4006,-48.555,82.49,76,49,2.62,scattered clouds
672,Miranda De Ebro,ES,42.6865,-2.947,64.85,56,80,10.67,broken clouds
673,Umm Lajj,SA,25.0213,37.2685,81.07,52,3,9.48,clear sky
674,Griffith,US,41.5284,-87.4237,64.06,47,75,13.8,broken clouds
675,Comodoro Rivadavia,AR,-45.8667,-67.5,49.86,43,0,17.27,clear sky
676,Sambava,MG,-14.2667,50.1667,74.41,83,65,11.43,broken clouds
677,Banda Aceh,ID,5.5577,95.3222,81.19,79,100,13.29,overcast clouds
678,Goundam,ML,16.4145,-3.6708,90.39,29,99,16.84,light rain
679,Eidsvag,NO,62.7767,8.0668,60.85,47,91,1.61,overcast clouds
680,Geraldton,AU,-28.7667,114.6,64.81,72,40,13.8,scattered clouds
681,Havre,FR,49.5833,0.3333,69.35,82,0,6.91,clear sky
682,Usakos,NA,-22.0,15.6,64.92,19,3,5.88,clear sky
683,Olivet,FR,47.8622,1.8991,75.97,57,0,10.36,clear sky
684,Mahon,ES,39.8885,4.2658,75.76,64,0,9.22,clear sky
685,Goderich,CA,43.7501,-81.7165,46.72,87,100,12.66,overcast clouds
686,Vilhena,BR,-12.7406,-60.1458,86.86,34,17,0.98,few clouds
687,Maromitsa,RU,59.8683,48.0123,32.43,98,100,7.45,light snow
688,Dordrecht,NL,51.81,4.6736,72.07,61,64,4.0,broken clouds
